PassengerId,Pclass,Name,Sex,Age,SibSp,Parch,Fare,Embarked
1,3,11,1,22.0,1,0,7.25,3
2,1,12,0,38.0,1,0,71.2833,1
3,3,8,0,26.0,0,0,7.925,3
4,1,12,0,35.0,1,0,53.1,3
5,3,11,1,35.0,0,0,8.05,3
6,3,11,1,0.0,0,0,8.4583,2
7,1,11,1,54.0,0,0,51.8625,3
8,3,7,1,2.0,3,1,21.075,3
9,3,12,0,27.0,0,2,11.1333,3
10,2,12,0,14.0,1,0,30.0708,1
11,3,8,0,4.0,1,1,16.7,3
12,1,8,0,58.0,0,0,26.55,3
13,3,11,1,20.0,0,0,8.05,3
14,3,11,1,39.0,1,5,31.275,3
15,3,8,0,14.0,0,0,7.8542,3
16,2,12,0,55.0,0,0,16.0,3
17,3,7,1,2.0,4,1,29.125,2
18,2,11,1,0.0,0,0,13.0,3
19,3,12,0,31.0,1,0,18.0,3
20,3,12,0,0.0,0,0,7.225,1
21,2,11,1,35.0,0,0,26.0,3
22,2,11,1,34.0,0,0,13.0,3
23,3,8,0,15.0,0,0,8.0292,2
24,1,11,1,28.0,0,0,35.5,3
25,3,8,0,8.0,3,1,21.075,3
26,3,12,0,38.0,1,5,31.3875,3
27,3,11,1,0.0,0,0,7.225,1
28,1,11,1,19.0,3,2,263.0,3
29,3,8,0,0.0,0,0,7.8792,2
30,3,11,1,0.0,0,0,7.8958,3
31,1,2,1,40.0,0,0,27.7208,1
32,1,12,0,0.0,1,0,146.5208,1
33,3,8,0,0.0,0,0,7.75,2
34,2,11,1,66.0,0,0,10.5,3
35,1,11,1,28.0,1,0,82.1708,1
36,1,11,1,42.0,1,0,52.0,3
37,3,11,1,0.0,0,0,7.2292,1
38,3,11,1,21.0,0,0,8.05,3
39,3,8,0,18.0,2,0,18.0,3
40,3,8,0,14.0,1,0,11.2417,1
41,3,12,0,40.0,1,0,9.475,3
42,2,12,0,27.0,1,0,21.0,3
43,3,11,1,0.0,0,0,7.8958,1
44,2,8,0,3.0,1,2,41.5792,1
45,3,8,0,19.0,0,0,7.8792,2
46,3,11,1,0.0,0,0,8.05,3
47,3,11,1,0.0,1,0,15.5,2
48,3,8,0,0.0,0,0,7.75,2
49,3,11,1,0.0,2,0,21.6792,1
50,3,12,0,18.0,1,0,17.8,3
51,3,7,1,7.0,4,1,39.6875,3
52,3,11,1,21.0,0,0,7.8,3
53,1,12,0,49.0,1,0,76.7292,1
54,2,12,0,29.0,1,0,26.0,3
55,1,11,1,65.0,0,1,61.9792,1
56,1,11,1,0.0,0,0,35.5,3
57,2,8,0,21.0,0,0,10.5,3
58,3,11,1,28.5,0,0,7.2292,1
59,2,8,0,5.0,1,2,27.75,3
60,3,7,1,11.0,5,2,46.9,3
61,3,11,1,22.0,0,0,7.2292,1
62,1,8,0,38.0,0,0,80.0,0
63,1,11,1,45.0,1,0,83.475,3
64,3,7,1,4.0,3,2,27.9,3
65,1,11,1,0.0,0,0,27.7208,1
66,3,7,1,0.0,1,1,15.2458,1
67,2,12,0,29.0,0,0,10.5,3
68,3,11,1,19.0,0,0,8.1583,3
69,3,8,0,17.0,4,2,7.925,3
70,3,11,1,26.0,2,0,8.6625,3
71,2,11,1,32.0,0,0,10.5,3
72,3,8,0,16.0,5,2,46.9,3
73,2,11,1,21.0,0,0,73.5,3
74,3,11,1,26.0,1,0,14.4542,1
75,3,11,1,32.0,0,0,56.4958,3
76,3,11,1,25.0,0,0,7.65,3
77,3,11,1,0.0,0,0,7.8958,3
78,3,11,1,0.0,0,0,8.05,3
79,2,7,1,0.83,0,2,29.0,3
80,3,8,0,30.0,0,0,12.475,3
81,3,11,1,22.0,0,0,9.0,3
82,3,11,1,29.0,0,0,9.5,3
83,3,8,0,0.0,0,0,7.7875,2
84,1,11,1,28.0,0,0,47.1,3
85,2,8,0,17.0,0,0,10.5,3
86,3,12,0,33.0,3,0,15.85,3
87,3,11,1,16.0,1,3,34.375,3
88,3,11,1,0.0,0,0,8.05,3
89,1,8,0,23.0,3,2,263.0,3
90,3,11,1,24.0,0,0,8.05,3
91,3,11,1,29.0,0,0,8.05,3
92,3,11,1,20.0,0,0,7.8542,3
93,1,11,1,46.0,1,0,61.175,3
94,3,11,1,26.0,1,2,20.575,3
95,3,11,1,59.0,0,0,7.25,3
96,3,11,1,0.0,0,0,8.05,3
97,1,11,1,71.0,0,0,34.6542,1
98,1,11,1,23.0,0,1,63.3583,1
99,2,12,0,34.0,0,1,23.0,3
100,2,11,1,34.0,1,0,26.0,3
101,3,8,0,28.0,0,0,7.8958,3
102,3,11,1,0.0,0,0,7.8958,3
103,1,11,1,21.0,0,1,77.2875,3
104,3,11,1,33.0,0,0,8.6542,3
105,3,11,1,37.0,2,0,7.925,3
106,3,11,1,28.0,0,0,7.8958,3
107,3,8,0,21.0,0,0,7.65,3
108,3,11,1,0.0,0,0,7.775,3
109,3,11,1,38.0,0,0,7.8958,3
110,3,8,0,0.0,1,0,24.15,2
111,1,11,1,47.0,0,0,52.0,3
112,3,8,0,14.5,1,0,14.4542,1
113,3,11,1,22.0,0,0,8.05,3
114,3,8,0,20.0,1,0,9.825,3
115,3,8,0,17.0,0,0,14.4583,1
116,3,11,1,21.0,0,0,7.925,3
117,3,11,1,70.5,0,0,7.75,2
118,2,11,1,29.0,1,0,21.0,3
119,1,11,1,24.0,0,1,247.5208,1
120,3,8,0,2.0,4,2,31.275,3
121,2,11,1,21.0,2,0,73.5,3
122,3,11,1,0.0,0,0,8.05,3
123,2,11,1,32.5,1,0,30.0708,1
124,2,8,0,32.5,0,0,13.0,3
125,1,11,1,54.0,0,1,77.2875,3
126,3,7,1,12.0,1,0,11.2417,1
127,3,11,1,0.0,0,0,7.75,2
128,3,11,1,24.0,0,0,7.1417,3
129,3,8,0,0.0,1,1,22.3583,1
130,3,11,1,45.0,0,0,6.975,3
131,3,11,1,33.0,0,0,7.8958,1
132,3,11,1,20.0,0,0,7.05,3
133,3,12,0,47.0,1,0,14.5,3
134,2,12,0,29.0,1,0,26.0,3
135,2,11,1,25.0,0,0,13.0,3
136,2,11,1,23.0,0,0,15.0458,1
137,1,8,0,19.0,0,2,26.2833,3
138,1,11,1,37.0,1,0,53.1,3
139,3,11,1,16.0,0,0,9.2167,3
140,1,11,1,24.0,0,0,79.2,1
141,3,12,0,0.0,0,2,15.2458,1
142,3,8,0,22.0,0,0,7.75,3
143,3,12,0,24.0,1,0,15.85,3
144,3,11,1,19.0,0,0,6.75,2
145,2,11,1,18.0,0,0,11.5,3
146,2,11,1,19.0,1,1,36.75,3
147,3,11,1,27.0,0,0,7.7958,3
148,3,8,0,9.0,2,2,34.375,3
149,2,11,1,36.5,0,2,26.0,3
150,2,14,1,42.0,0,0,13.0,3
151,2,14,1,51.0,0,0,12.525,3
152,1,12,0,22.0,1,0,66.6,3
153,3,11,1,55.5,0,0,8.05,3
154,3,11,1,40.5,0,2,14.5,3
155,3,11,1,0.0,0,0,7.3125,3
156,1,11,1,51.0,0,1,61.3792,1
157,3,8,0,16.0,0,0,7.7333,2
158,3,11,1,30.0,0,0,8.05,3
159,3,11,1,0.0,0,0,8.6625,3
160,3,7,1,0.0,8,2,69.55,3
161,3,11,1,44.0,0,1,16.1,3
162,2,12,0,40.0,0,0,15.75,3
163,3,11,1,26.0,0,0,7.775,3
164,3,11,1,17.0,0,0,8.6625,3
165,3,7,1,1.0,4,1,39.6875,3
166,3,7,1,9.0,0,2,20.525,3
167,1,12,0,0.0,0,1,55.0,3
168,3,12,0,45.0,1,4,27.9,3
169,1,11,1,0.0,0,0,25.925,3
170,3,11,1,28.0,0,0,56.4958,3
171,1,11,1,61.0,0,0,33.5,3
172,3,7,1,4.0,4,1,29.125,2
173,3,8,0,1.0,1,1,11.1333,3
174,3,11,1,21.0,0,0,7.925,3
175,1,11,1,56.0,0,0,30.6958,1
176,3,11,1,18.0,1,1,7.8542,3
177,3,7,1,0.0,3,1,25.4667,3
178,1,8,0,50.0,0,0,28.7125,1
179,2,11,1,30.0,0,0,13.0,3
180,3,11,1,36.0,0,0,0.0,3
181,3,8,0,0.0,8,2,69.55,3
182,2,11,1,0.0,0,0,15.05,1
183,3,7,1,9.0,4,2,31.3875,3
184,2,7,1,1.0,2,1,39.0,3
185,3,8,0,4.0,0,2,22.025,3
186,1,11,1,0.0,0,0,50.0,3
187,3,12,0,0.0,1,0,15.5,2
188,1,11,1,45.0,0,0,26.55,3
189,3,11,1,40.0,1,1,15.5,2
190,3,11,1,36.0,0,0,7.8958,3
191,2,12,0,32.0,0,0,13.0,3
192,2,11,1,19.0,0,0,13.0,3
193,3,8,0,19.0,1,0,7.8542,3
194,2,7,1,3.0,1,1,26.0,3
195,1,12,0,44.0,0,0,27.7208,1
196,1,8,0,58.0,0,0,146.5208,1
197,3,11,1,0.0,0,0,7.75,2
198,3,11,1,42.0,0,1,8.4042,3
199,3,8,0,0.0,0,0,7.75,2
200,2,8,0,24.0,0,0,13.0,3
201,3,11,1,28.0,0,0,9.5,3
202,3,11,1,0.0,8,2,69.55,3
203,3,11,1,34.0,0,0,6.4958,3
204,3,11,1,45.5,0,0,7.225,1
205,3,11,1,18.0,0,0,8.05,3
206,3,8,0,2.0,0,1,10.4625,3
207,3,11,1,32.0,1,0,15.85,3
208,3,11,1,26.0,0,0,18.7875,1
209,3,8,0,16.0,0,0,7.75,2
210,1,11,1,40.0,0,0,31.0,1
211,3,11,1,24.0,0,0,7.05,3
212,2,8,0,35.0,0,0,21.0,3
213,3,11,1,22.0,0,0,7.25,3
214,2,11,1,30.0,0,0,13.0,3
215,3,11,1,0.0,1,0,7.75,2
216,1,8,0,31.0,1,0,113.275,1
217,3,8,0,27.0,0,0,7.925,3
218,2,11,1,42.0,1,0,27.0,3
219,1,8,0,32.0,0,0,76.2917,1
220,2,11,1,30.0,0,0,10.5,3
221,3,11,1,16.0,0,0,8.05,3
222,2,11,1,27.0,0,0,13.0,3
223,3,11,1,51.0,0,0,8.05,3
224,3,11,1,0.0,0,0,7.8958,3
225,1,11,1,38.0,1,0,90.0,3
226,3,11,1,22.0,0,0,9.35,3
227,2,11,1,19.0,0,0,10.5,3
228,3,11,1,20.5,0,0,7.25,3
229,2,11,1,18.0,0,0,13.0,3
230,3,8,0,0.0,3,1,25.4667,3
231,1,12,0,35.0,1,0,83.475,3
232,3,11,1,29.0,0,0,7.775,3
233,2,11,1,59.0,0,0,13.5,3
234,3,8,0,5.0,4,2,31.3875,3
235,2,11,1,24.0,0,0,10.5,3
236,3,8,0,0.0,0,0,7.55,3
237,2,11,1,44.0,1,0,26.0,3
238,2,8,0,8.0,0,2,26.25,3
239,2,11,1,19.0,0,0,10.5,3
240,2,11,1,33.0,0,0,12.275,3
241,3,8,0,0.0,1,0,14.4542,1
242,3,8,0,0.0,1,0,15.5,2
243,2,11,1,29.0,0,0,10.5,3
244,3,11,1,22.0,0,0,7.125,3
245,3,11,1,30.0,0,0,7.225,1
246,1,3,1,44.0,2,0,90.0,2
247,3,8,0,25.0,0,0,7.775,3
248,2,12,0,24.0,0,2,14.5,3
249,1,11,1,37.0,1,1,52.5542,3
250,2,14,1,54.0,1,0,26.0,3
251,3,11,1,0.0,0,0,7.25,3
252,3,12,0,29.0,1,1,10.4625,3
253,1,11,1,62.0,0,0,26.55,3
254,3,11,1,30.0,1,0,16.1,3
255,3,12,0,41.0,0,2,20.2125,3
256,3,12,0,29.0,0,2,15.2458,1
257,1,12,0,0.0,0,0,79.2,1
258,1,8,0,30.0,0,0,86.5,3
259,1,8,0,35.0,0,0,512.3292,1
260,2,12,0,50.0,0,1,26.0,3
261,3,11,1,0.0,0,0,7.75,2
262,3,7,1,3.0,4,2,31.3875,3
263,1,11,1,52.0,1,1,79.65,3
264,1,11,1,40.0,0,0,0.0,3
265,3,8,0,0.0,0,0,7.75,2
266,2,11,1,36.0,0,0,10.5,3
267,3,11,1,16.0,4,1,39.6875,3
268,3,11,1,25.0,1,0,7.775,3
269,1,12,0,58.0,0,1,153.4625,3
270,1,8,0,35.0,0,0,135.6333,3
271,1,11,1,0.0,0,0,31.0,3
272,3,11,1,25.0,0,0,0.0,3
273,2,12,0,41.0,0,1,19.5,3
274,1,11,1,37.0,0,1,29.7,1
275,3,8,0,0.0,0,0,7.75,2
276,1,8,0,63.0,1,0,77.9583,3
277,3,8,0,45.0,0,0,7.75,3
278,2,11,1,0.0,0,0,0.0,3
279,3,7,1,7.0,4,1,29.125,2
280,3,12,0,35.0,1,1,20.25,3
281,3,11,1,65.0,0,0,7.75,2
282,3,11,1,28.0,0,0,7.8542,3
283,3,11,1,16.0,0,0,9.5,3
284,3,11,1,19.0,0,0,8.05,3
285,1,11,1,0.0,0,0,26.0,3
286,3,11,1,33.0,0,0,8.6625,1
287,3,11,1,30.0,0,0,9.5,3
288,3,11,1,22.0,0,0,7.8958,3
289,2,11,1,42.0,0,0,13.0,3
290,3,8,0,22.0,0,0,7.75,2
291,1,8,0,26.0,0,0,78.85,3
292,1,12,0,19.0,1,0,91.0792,1
293,2,11,1,36.0,0,0,12.875,1
294,3,8,0,24.0,0,0,8.85,3
295,3,11,1,24.0,0,0,7.8958,3
296,1,11,1,0.0,0,0,27.7208,1
297,3,11,1,23.5,0,0,7.2292,1
298,1,8,0,2.0,1,2,151.55,3
299,1,11,1,0.0,0,0,30.5,3
300,1,12,0,50.0,0,1,247.5208,1
301,3,8,0,0.0,0,0,7.75,2
302,3,11,1,0.0,2,0,23.25,2
303,3,11,1,19.0,0,0,0.0,3
304,2,8,0,0.0,0,0,12.35,2
305,3,11,1,0.0,0,0,8.05,3
306,1,7,1,0.92,1,2,151.55,3
307,1,8,0,0.0,0,0,110.8833,1
308,1,12,0,17.0,1,0,108.9,1
309,2,11,1,30.0,1,0,24.0,1
310,1,8,0,30.0,0,0,56.9292,1
311,1,8,0,24.0,0,0,83.1583,1
312,1,8,0,18.0,2,2,262.375,1
313,2,12,0,26.0,1,1,26.0,3
314,3,11,1,28.0,0,0,7.8958,3
315,2,11,1,43.0,1,1,26.25,3
316,3,8,0,26.0,0,0,7.8542,3
317,2,12,0,24.0,1,0,26.0,3
318,2,3,1,54.0,0,0,14.0,3
319,1,8,0,31.0,0,2,164.8667,3
320,1,12,0,40.0,1,1,134.5,1
321,3,11,1,22.0,0,0,7.25,3
322,3,11,1,27.0,0,0,7.8958,3
323,2,8,0,30.0,0,0,12.35,2
324,2,12,0,22.0,1,1,29.0,3
325,3,11,1,0.0,8,2,69.55,3
326,1,8,0,36.0,0,0,135.6333,1
327,3,11,1,61.0,0,0,6.2375,3
328,2,12,0,36.0,0,0,13.0,3
329,3,12,0,31.0,1,1,20.525,3
330,1,8,0,16.0,0,1,57.9792,1
331,3,8,0,0.0,2,0,23.25,2
332,1,11,1,45.5,0,0,28.5,3
333,1,11,1,38.0,0,1,153.4625,3
334,3,11,1,16.0,2,0,18.0,3
335,1,12,0,0.0,1,0,133.65,3
336,3,11,1,0.0,0,0,7.8958,3
337,1,11,1,29.0,1,0,66.6,3
338,1,8,0,41.0,0,0,134.5,1
339,3,11,1,45.0,0,0,8.05,3
340,1,11,1,45.0,0,0,35.5,3
341,2,7,1,2.0,1,1,26.0,3
342,1,8,0,24.0,3,2,263.0,3
343,2,11,1,28.0,0,0,13.0,3
344,2,11,1,25.0,0,0,13.0,3
345,2,11,1,36.0,0,0,13.0,3
346,2,8,0,24.0,0,0,13.0,3
347,2,8,0,40.0,0,0,13.0,3
348,3,12,0,0.0,1,0,16.1,3
349,3,7,1,3.0,1,1,15.9,3
350,3,11,1,42.0,0,0,8.6625,3
351,3,11,1,23.0,0,0,9.225,3
352,1,11,1,0.0,0,0,35.0,3
353,3,11,1,15.0,1,1,7.2292,1
354,3,11,1,25.0,1,0,17.8,3
355,3,11,1,0.0,0,0,7.225,1
356,3,11,1,28.0,0,0,9.5,3
357,1,8,0,22.0,0,1,55.0,3
358,2,8,0,38.0,0,0,13.0,3
359,3,8,0,0.0,0,0,7.8792,2
360,3,8,0,0.0,0,0,7.8792,2
361,3,11,1,40.0,1,4,27.9,3
362,2,11,1,29.0,1,0,27.7208,1
363,3,12,0,45.0,0,1,14.4542,1
364,3,11,1,35.0,0,0,7.05,3
365,3,11,1,0.0,1,0,15.5,2
366,3,11,1,30.0,0,0,7.25,3
367,1,12,0,60.0,1,0,75.25,1
368,3,12,0,0.0,0,0,7.2292,1
369,3,8,0,0.0,0,0,7.75,2
370,1,10,0,24.0,0,0,69.3,1
371,1,11,1,25.0,1,0,55.4417,1
372,3,11,1,18.0,1,0,6.4958,3
373,3,11,1,19.0,0,0,8.05,3
374,1,11,1,22.0,0,0,135.6333,1
375,3,8,0,3.0,3,1,21.075,3
376,1,12,0,0.0,1,0,82.1708,1
377,3,8,0,22.0,0,0,7.25,3
378,1,11,1,27.0,0,2,211.5,1
379,3,11,1,20.0,0,0,4.0125,1
380,3,11,1,19.0,0,0,7.775,3
381,1,8,0,42.0,0,0,227.525,1
382,3,8,0,1.0,0,2,15.7417,1
383,3,11,1,32.0,0,0,7.925,3
384,1,12,0,35.0,1,0,52.0,3
385,3,11,1,0.0,0,0,7.8958,3
386,2,11,1,18.0,0,0,73.5,3
387,3,7,1,1.0,5,2,46.9,3
388,2,8,0,36.0,0,0,13.0,3
389,3,11,1,0.0,0,0,7.7292,2
390,2,8,0,17.0,0,0,12.0,1
391,1,11,1,36.0,1,2,120.0,3
392,3,11,1,21.0,0,0,7.7958,3
393,3,11,1,28.0,2,0,7.925,3
394,1,8,0,23.0,1,0,113.275,1
395,3,12,0,24.0,0,2,16.7,3
396,3,11,1,22.0,0,0,7.7958,3
397,3,8,0,31.0,0,0,7.8542,3
398,2,11,1,46.0,0,0,26.0,3
399,2,3,1,23.0,0,0,10.5,3
400,2,12,0,28.0,0,0,12.65,3
401,3,11,1,39.0,0,0,7.925,3
402,3,11,1,26.0,0,0,8.05,3
403,3,8,0,21.0,1,0,9.825,3
404,3,11,1,28.0,1,0,15.85,3
405,3,8,0,20.0,0,0,8.6625,3
406,2,11,1,34.0,1,0,21.0,3
407,3,11,1,51.0,0,0,7.75,3
408,2,7,1,3.0,1,1,18.75,3
409,3,11,1,21.0,0,0,7.775,3
410,3,8,0,0.0,3,1,25.4667,3
411,3,11,1,0.0,0,0,7.8958,3
412,3,11,1,0.0,0,0,6.8583,2
413,1,8,0,33.0,1,0,90.0,2
414,2,11,1,0.0,0,0,0.0,3
415,3,11,1,44.0,0,0,7.925,3
416,3,12,0,0.0,0,0,8.05,3
417,2,12,0,34.0,1,1,32.5,3
418,2,8,0,18.0,0,2,13.0,3
419,2,11,1,30.0,0,0,13.0,3
420,3,8,0,10.0,0,2,24.15,3
421,3,11,1,0.0,0,0,7.8958,1
422,3,11,1,21.0,0,0,7.7333,2
423,3,11,1,29.0,0,0,7.875,3
424,3,12,0,28.0,1,1,14.4,3
425,3,11,1,18.0,1,1,20.2125,3
426,3,11,1,0.0,0,0,7.25,3
427,2,12,0,28.0,1,0,26.0,3
428,2,8,0,19.0,0,0,26.0,3
429,3,11,1,0.0,0,0,7.75,2
430,3,11,1,32.0,0,0,8.05,3
431,1,11,1,28.0,0,0,26.55,3
432,3,12,0,0.0,1,0,16.1,3
433,2,12,0,42.0,1,0,26.0,3
434,3,11,1,17.0,0,0,7.125,3
435,1,11,1,50.0,1,0,55.9,3
436,1,8,0,14.0,1,2,120.0,3
437,3,8,0,21.0,2,2,34.375,3
438,2,12,0,24.0,2,3,18.75,3
439,1,11,1,64.0,1,4,263.0,3
440,2,11,1,31.0,0,0,10.5,3
441,2,12,0,45.0,1,1,26.25,3
442,3,11,1,20.0,0,0,9.5,3
443,3,11,1,25.0,1,0,7.775,3
444,2,13,0,28.0,0,0,13.0,3
445,3,11,1,0.0,0,0,8.1125,3
446,1,7,1,4.0,0,2,81.8583,3
447,2,8,0,13.0,0,1,19.5,3
448,1,11,1,34.0,0,0,26.55,3
449,3,8,0,5.0,2,1,19.2583,1
450,1,6,1,52.0,0,0,30.5,3
451,2,11,1,36.0,1,2,27.75,3
452,3,11,1,0.0,1,0,19.9667,3
453,1,11,1,30.0,0,0,27.75,1
454,1,11,1,49.0,1,0,89.1042,1
455,3,11,1,0.0,0,0,8.05,3
456,3,11,1,29.0,0,0,7.8958,1
457,1,11,1,65.0,0,0,26.55,3
458,1,12,0,0.0,1,0,51.8625,3
459,2,8,0,50.0,0,0,10.5,3
460,3,11,1,0.0,0,0,7.75,2
461,1,11,1,48.0,0,0,26.55,3
462,3,11,1,34.0,0,0,8.05,3
463,1,11,1,47.0,0,0,38.5,3
464,2,11,1,48.0,0,0,13.0,3
465,3,11,1,0.0,0,0,8.05,3
466,3,11,1,38.0,0,0,7.05,3
467,2,11,1,0.0,0,0,0.0,3
468,1,11,1,56.0,0,0,26.55,3
469,3,11,1,0.0,0,0,7.725,2
470,3,8,0,0.75,2,1,19.2583,1
471,3,11,1,0.0,0,0,7.25,3
472,3,11,1,38.0,0,0,8.6625,3
473,2,12,0,33.0,1,2,27.75,3
474,2,12,0,23.0,0,0,13.7917,1
475,3,8,0,22.0,0,0,9.8375,3
476,1,11,1,0.0,0,0,52.0,3
477,2,11,1,34.0,1,0,21.0,3
478,3,11,1,29.0,1,0,7.0458,3
479,3,11,1,22.0,0,0,7.5208,3
480,3,8,0,2.0,0,1,12.2875,3
481,3,7,1,9.0,5,2,46.9,3
482,2,11,1,0.0,0,0,0.0,3
483,3,11,1,50.0,0,0,8.05,3
484,3,12,0,63.0,0,0,9.5875,3
485,1,11,1,25.0,1,0,91.0792,1
486,3,8,0,0.0,3,1,25.4667,3
487,1,12,0,35.0,1,0,90.0,3
488,1,11,1,58.0,0,0,29.7,1
489,3,11,1,30.0,0,0,8.05,3
490,3,7,1,9.0,1,1,15.9,3
491,3,11,1,0.0,1,0,19.9667,3
492,3,11,1,21.0,0,0,7.25,3
493,1,11,1,55.0,0,0,30.5,3
494,1,11,1,71.0,0,0,49.5042,1
495,3,11,1,21.0,0,0,8.05,3
496,3,11,1,0.0,0,0,14.4583,1
497,1,8,0,54.0,1,0,78.2667,1
498,3,11,1,0.0,0,0,15.1,3
499,1,12,0,25.0,1,2,151.55,3
500,3,11,1,24.0,0,0,7.7958,3
501,3,11,1,17.0,0,0,8.6625,3
502,3,8,0,21.0,0,0,7.75,2
503,3,8,0,0.0,0,0,7.6292,2
504,3,8,0,37.0,0,0,9.5875,3
505,1,8,0,16.0,0,0,86.5,3
506,1,11,1,18.0,1,0,108.9,1
507,2,12,0,33.0,0,2,26.0,3
508,1,11,1,0.0,0,0,26.55,3
509,3,11,1,28.0,0,0,22.525,3
510,3,11,1,26.0,0,0,56.4958,3
511,3,11,1,29.0,0,0,7.75,2
512,3,11,1,0.0,0,0,8.05,3
513,1,11,1,36.0,0,0,26.2875,3
514,1,12,0,54.0,1,0,59.4,1
515,3,11,1,24.0,0,0,7.4958,3
516,1,11,1,47.0,0,0,34.0208,3
517,2,12,0,34.0,0,0,10.5,3
518,3,11,1,0.0,0,0,24.15,2
519,2,12,0,36.0,1,0,26.0,3
520,3,11,1,32.0,0,0,7.8958,3
521,1,8,0,30.0,0,0,93.5,3
522,3,11,1,22.0,0,0,7.8958,3
523,3,11,1,0.0,0,0,7.225,1
524,1,12,0,44.0,0,1,57.9792,1
525,3,11,1,0.0,0,0,7.2292,1
526,3,11,1,40.5,0,0,7.75,2
527,2,8,0,50.0,0,0,10.5,3
528,1,11,1,0.0,0,0,221.7792,3
529,3,11,1,39.0,0,0,7.925,3
530,2,11,1,23.0,2,1,11.5,3
531,2,8,0,2.0,1,1,26.0,3
532,3,11,1,0.0,0,0,7.2292,1
533,3,11,1,17.0,1,1,7.2292,1
534,3,12,0,0.0,0,2,22.3583,1
535,3,8,0,30.0,0,0,8.6625,3
536,2,8,0,7.0,0,2,26.25,3
537,1,6,1,45.0,0,0,26.55,3
538,1,8,0,30.0,0,0,106.425,1
539,3,11,1,0.0,0,0,14.5,3
540,1,8,0,22.0,0,2,49.5,1
541,1,8,0,36.0,0,2,71.0,3
542,3,8,0,9.0,4,2,31.275,3
543,3,8,0,11.0,4,2,31.275,3
544,2,11,1,32.0,1,0,26.0,3
545,1,11,1,50.0,1,0,106.425,1
546,1,11,1,64.0,0,0,26.0,3
547,2,12,0,19.0,1,0,26.0,3
548,2,11,1,0.0,0,0,13.8625,1
549,3,11,1,33.0,1,1,20.525,3
550,2,7,1,8.0,1,1,36.75,3
551,1,11,1,17.0,0,2,110.8833,1
552,2,11,1,27.0,0,0,26.0,3
553,3,11,1,0.0,0,0,7.8292,2
554,3,11,1,22.0,0,0,7.225,1
555,3,8,0,22.0,0,0,7.775,3
556,1,11,1,62.0,0,0,26.55,3
557,1,5,0,48.0,1,0,39.6,1
558,1,11,1,0.0,0,0,227.525,1
559,1,12,0,39.0,1,1,79.65,3
560,3,12,0,36.0,1,0,17.4,3
561,3,11,1,0.0,0,0,7.75,2
562,3,11,1,40.0,0,0,7.8958,3
563,2,11,1,28.0,0,0,13.5,3
564,3,11,1,0.0,0,0,8.05,3
565,3,8,0,0.0,0,0,8.05,3
566,3,11,1,24.0,2,0,24.15,3
567,3,11,1,19.0,0,0,7.8958,3
568,3,12,0,29.0,0,4,21.075,3
569,3,11,1,0.0,0,0,7.2292,1
570,3,11,1,32.0,0,0,7.8542,3
571,2,11,1,62.0,0,0,10.5,3
572,1,12,0,53.0,2,0,51.4792,3
573,1,11,1,36.0,0,0,26.3875,3
574,3,8,0,0.0,0,0,7.75,2
575,3,11,1,16.0,0,0,8.05,3
576,3,11,1,19.0,0,0,14.5,3
577,2,8,0,34.0,0,0,13.0,3
578,1,12,0,39.0,1,0,55.9,3
579,3,12,0,0.0,1,0,14.4583,1
580,3,11,1,32.0,0,0,7.925,3
581,2,8,0,25.0,1,1,30.0,3
582,1,12,0,39.0,1,1,110.8833,1
583,2,11,1,54.0,0,0,26.0,3
584,1,11,1,36.0,0,0,40.125,1
585,3,11,1,0.0,0,0,8.7125,1
586,1,8,0,18.0,0,2,79.65,3
587,2,11,1,47.0,0,0,15.0,3
588,1,11,1,60.0,1,1,79.2,1
589,3,11,1,22.0,0,0,8.05,3
590,3,11,1,0.0,0,0,8.05,3
591,3,11,1,35.0,0,0,7.125,3
592,1,12,0,52.0,1,0,78.2667,1
593,3,11,1,47.0,0,0,7.25,3
594,3,8,0,0.0,0,2,7.75,2
595,2,11,1,37.0,1,0,26.0,3
596,3,11,1,36.0,1,1,24.15,3
597,2,8,0,0.0,0,0,33.0,3
598,3,11,1,49.0,0,0,0.0,3
599,3,11,1,0.0,0,0,7.225,1
600,1,15,1,49.0,1,0,56.9292,1
601,2,12,0,24.0,2,1,27.0,3
602,3,11,1,0.0,0,0,7.8958,3
603,1,11,1,0.0,0,0,42.4,3
604,3,11,1,44.0,0,0,8.05,3
605,1,11,1,35.0,0,0,26.55,1
606,3,11,1,36.0,1,0,15.55,3
607,3,11,1,30.0,0,0,7.8958,3
608,1,11,1,27.0,0,0,30.5,3
609,2,12,0,22.0,1,2,41.5792,1
610,1,8,0,40.0,0,0,153.4625,3
611,3,12,0,39.0,1,5,31.275,3
612,3,11,1,0.0,0,0,7.05,3
613,3,8,0,0.0,1,0,15.5,2
614,3,11,1,0.0,0,0,7.75,2
615,3,11,1,35.0,0,0,8.05,3
616,2,8,0,24.0,1,2,65.0,3
617,3,11,1,34.0,1,1,14.4,3
618,3,12,0,26.0,1,0,16.1,3
619,2,8,0,4.0,2,1,39.0,3
620,2,11,1,26.0,0,0,10.5,3
621,3,11,1,27.0,1,0,14.4542,1
622,1,11,1,42.0,1,0,52.5542,3
623,3,11,1,20.0,1,1,15.7417,1
624,3,11,1,21.0,0,0,7.8542,3
625,3,11,1,21.0,0,0,16.1,3
626,1,11,1,61.0,0,0,32.3208,3
627,2,14,1,57.0,0,0,12.35,2
628,1,8,0,21.0,0,0,77.9583,3
629,3,11,1,26.0,0,0,7.8958,3
630,3,11,1,0.0,0,0,7.7333,2
631,1,11,1,80.0,0,0,30.0,3
632,3,11,1,51.0,0,0,7.0542,3
633,1,3,1,32.0,0,0,30.5,1
634,1,11,1,0.0,0,0,0.0,3
635,3,8,0,9.0,3,2,27.9,3
636,2,8,0,28.0,0,0,13.0,3
637,3,11,1,32.0,0,0,7.925,3
638,2,11,1,31.0,1,1,26.25,3
639,3,12,0,41.0,0,5,39.6875,3
640,3,11,1,0.0,1,0,16.1,3
641,3,11,1,20.0,0,0,7.8542,3
642,1,9,0,24.0,0,0,69.3,1
643,3,8,0,2.0,3,2,27.9,3
644,3,11,1,0.0,0,0,56.4958,3
645,3,8,0,0.75,2,1,19.2583,1
646,1,11,1,48.0,1,0,76.7292,1
647,3,11,1,19.0,0,0,7.8958,3
648,1,1,1,56.0,0,0,35.5,1
649,3,11,1,0.0,0,0,7.55,3
650,3,8,0,23.0,0,0,7.55,3
651,3,11,1,0.0,0,0,7.8958,3
652,2,8,0,18.0,0,1,23.0,3
653,3,11,1,21.0,0,0,8.4333,3
654,3,8,0,0.0,0,0,7.8292,2
655,3,8,0,18.0,0,0,6.75,2
656,2,11,1,24.0,2,0,73.5,3
657,3,11,1,0.0,0,0,7.8958,3
658,3,12,0,32.0,1,1,15.5,2
659,2,11,1,23.0,0,0,13.0,3
660,1,11,1,58.0,0,2,113.275,1
661,1,3,1,50.0,2,0,133.65,3
662,3,11,1,40.0,0,0,7.225,1
663,1,11,1,47.0,0,0,25.5875,3
664,3,11,1,36.0,0,0,7.4958,3
665,3,11,1,20.0,1,0,7.925,3
666,2,11,1,32.0,2,0,73.5,3
667,2,11,1,25.0,0,0,13.0,3
668,3,11,1,0.0,0,0,7.775,3
669,3,11,1,43.0,0,0,8.05,3
670,1,12,0,0.0,1,0,52.0,3
671,2,12,0,40.0,1,1,39.0,3
672,1,11,1,31.0,1,0,52.0,3
673,2,11,1,70.0,0,0,10.5,3
674,2,11,1,31.0,0,0,13.0,3
675,2,11,1,0.0,0,0,0.0,3
676,3,11,1,18.0,0,0,7.775,3
677,3,11,1,24.5,0,0,8.05,3
678,3,8,0,18.0,0,0,9.8417,3
679,3,12,0,43.0,1,6,46.9,3
680,1,11,1,36.0,0,1,512.3292,1
681,3,8,0,0.0,0,0,8.1375,2
682,1,11,1,27.0,0,0,76.7292,1
683,3,11,1,20.0,0,0,9.225,3
684,3,11,1,14.0,5,2,46.9,3
685,2,11,1,60.0,1,1,39.0,3
686,2,11,1,25.0,1,2,41.5792,1
687,3,11,1,14.0,4,1,39.6875,3
688,3,11,1,19.0,0,0,10.1708,3
689,3,11,1,18.0,0,0,7.7958,3
690,1,8,0,15.0,0,1,211.3375,3
691,1,11,1,31.0,1,0,57.0,3
692,3,8,0,4.0,0,1,13.4167,1
693,3,11,1,0.0,0,0,56.4958,3
694,3,11,1,25.0,0,0,7.225,1
695,1,1,1,60.0,0,0,26.55,3
696,2,11,1,52.0,0,0,13.5,3
697,3,11,1,44.0,0,0,8.05,3
698,3,8,0,0.0,0,0,7.7333,2
699,1,11,1,49.0,1,1,110.8833,1
700,3,11,1,42.0,0,0,7.65,3
701,1,12,0,18.0,1,0,227.525,1
702,1,11,1,35.0,0,0,26.2875,3
703,3,8,0,18.0,0,1,14.4542,1
704,3,11,1,25.0,0,0,7.7417,2
705,3,11,1,26.0,1,0,7.8542,3
706,2,11,1,39.0,0,0,26.0,3
707,2,12,0,45.0,0,0,13.5,3
708,1,11,1,42.0,0,0,26.2875,3
709,1,8,0,22.0,0,0,151.55,3
710,3,7,1,0.0,1,1,15.2458,1
711,1,9,0,24.0,0,0,49.5042,1
712,1,11,1,0.0,0,0,26.55,3
713,1,11,1,48.0,1,0,52.0,3
714,3,11,1,29.0,0,0,9.4833,3
715,2,11,1,52.0,0,0,13.0,3
716,3,11,1,19.0,0,0,7.65,3
717,1,8,0,38.0,0,0,227.525,1
718,2,8,0,27.0,0,0,10.5,3
719,3,11,1,0.0,0,0,15.5,2
720,3,11,1,33.0,0,0,7.775,3
721,2,8,0,6.0,0,1,33.0,3
722,3,11,1,17.0,1,0,7.0542,3
723,2,11,1,34.0,0,0,13.0,3
724,2,11,1,50.0,0,0,13.0,3
725,1,11,1,27.0,1,0,53.1,3
726,3,11,1,20.0,0,0,8.6625,3
727,2,12,0,30.0,3,0,21.0,3
728,3,8,0,0.0,0,0,7.7375,2
729,2,11,1,25.0,1,0,26.0,3
730,3,8,0,25.0,1,0,7.925,3
731,1,8,0,29.0,0,0,211.3375,3
732,3,11,1,11.0,0,0,18.7875,1
733,2,11,1,0.0,0,0,0.0,3
734,2,11,1,23.0,0,0,13.0,3
735,2,11,1,23.0,0,0,13.0,3
736,3,11,1,28.5,0,0,16.1,3
737,3,12,0,48.0,1,3,34.375,3
738,1,11,1,35.0,0,0,512.3292,1
739,3,11,1,0.0,0,0,7.8958,3
740,3,11,1,0.0,0,0,7.8958,3
741,1,11,1,0.0,0,0,30.0,3
742,1,11,1,36.0,1,0,78.85,3
743,1,8,0,21.0,2,2,262.375,1
744,3,11,1,24.0,1,0,16.1,3
745,3,11,1,31.0,0,0,7.925,3
746,1,0,1,70.0,1,1,71.0,3
747,3,11,1,16.0,1,1,20.25,3
748,2,8,0,30.0,0,0,13.0,3
749,1,11,1,19.0,1,0,53.1,3
750,3,11,1,31.0,0,0,7.75,2
751,2,8,0,4.0,1,1,23.0,3
752,3,7,1,6.0,0,1,12.475,3
753,3,11,1,33.0,0,0,9.5,3
754,3,11,1,23.0,0,0,7.8958,3
755,2,12,0,48.0,1,2,65.0,3
756,2,7,1,0.67,1,1,14.5,3
757,3,11,1,28.0,0,0,7.7958,3
758,2,11,1,18.0,0,0,11.5,3
759,3,11,1,34.0,0,0,8.05,3
760,1,16,0,33.0,0,0,86.5,3
761,3,11,1,0.0,0,0,14.5,3
762,3,11,1,41.0,0,0,7.125,3
763,3,11,1,20.0,0,0,7.2292,1
764,1,12,0,36.0,1,2,120.0,3
765,3,11,1,16.0,0,0,7.775,3
766,1,12,0,51.0,1,0,77.9583,3
767,1,3,1,0.0,0,0,39.6,1
768,3,8,0,30.5,0,0,7.75,2
769,3,11,1,0.0,1,0,24.15,2
770,3,11,1,32.0,0,0,8.3625,3
771,3,11,1,24.0,0,0,9.5,3
772,3,11,1,48.0,0,0,7.8542,3
773,2,12,0,57.0,0,0,10.5,3
774,3,11,1,0.0,0,0,7.225,1
775,2,12,0,54.0,1,3,23.0,3
776,3,11,1,18.0,0,0,7.75,3
777,3,11,1,0.0,0,0,7.75,2
778,3,8,0,5.0,0,0,12.475,3
779,3,11,1,0.0,0,0,7.7375,2
780,1,12,0,43.0,0,1,211.3375,3
781,3,8,0,13.0,0,0,7.2292,1
782,1,12,0,17.0,1,0,57.0,3
783,1,11,1,29.0,0,0,30.0,3
784,3,11,1,0.0,1,2,23.45,3
785,3,11,1,25.0,0,0,7.05,3
786,3,11,1,25.0,0,0,7.25,3
787,3,8,0,18.0,0,0,7.4958,3
788,3,7,1,8.0,4,1,29.125,2
789,3,7,1,1.0,1,2,20.575,3
790,1,11,1,46.0,0,0,79.2,1
791,3,11,1,0.0,0,0,7.75,2
792,2,11,1,16.0,0,0,26.0,3
793,3,8,0,0.0,8,2,69.55,3
794,1,11,1,0.0,0,0,30.6958,1
795,3,11,1,25.0,0,0,7.8958,3
796,2,11,1,39.0,0,0,13.0,3
797,1,3,0,49.0,0,0,25.9292,3
798,3,12,0,31.0,0,0,8.6833,3
799,3,11,1,30.0,0,0,7.2292,1
800,3,12,0,30.0,1,1,24.15,3
801,2,11,1,34.0,0,0,13.0,3
802,2,12,0,31.0,1,1,26.25,3
803,1,7,1,11.0,1,2,120.0,3
804,3,7,1,0.42,0,1,8.5167,1
805,3,11,1,27.0,0,0,6.975,3
806,3,11,1,31.0,0,0,7.775,3
807,1,11,1,39.0,0,0,0.0,3
808,3,8,0,18.0,0,0,7.775,3
809,2,11,1,39.0,0,0,13.0,3
810,1,12,0,33.0,1,0,53.1,3
811,3,11,1,26.0,0,0,7.8875,3
812,3,11,1,39.0,0,0,24.15,3
813,2,11,1,35.0,0,0,10.5,3
814,3,8,0,6.0,4,2,31.275,3
815,3,11,1,30.5,0,0,8.05,3
816,1,11,1,0.0,0,0,0.0,3
817,3,8,0,23.0,0,0,7.925,3
818,2,11,1,31.0,1,1,37.0042,1
819,3,11,1,43.0,0,0,6.45,3
820,3,7,1,10.0,3,2,27.9,3
821,1,12,0,52.0,1,1,93.5,3
822,3,11,1,27.0,0,0,8.6625,3
823,1,4,1,38.0,0,0,0.0,3
824,3,12,0,27.0,0,1,12.475,3
825,3,7,1,2.0,4,1,39.6875,3
826,3,11,1,0.0,0,0,6.95,2
827,3,11,1,0.0,0,0,56.4958,3
828,2,7,1,1.0,0,2,37.0042,1
829,3,11,1,0.0,0,0,7.75,2
830,1,12,0,62.0,0,0,80.0,0
831,3,12,0,15.0,1,0,14.4542,1
832,2,7,1,0.83,1,1,18.75,3
833,3,11,1,0.0,0,0,7.2292,1
834,3,11,1,23.0,0,0,7.8542,3
835,3,11,1,18.0,0,0,8.3,3
836,1,8,0,39.0,1,1,83.1583,1
837,3,11,1,21.0,0,0,8.6625,3
838,3,11,1,0.0,0,0,8.05,3
839,3,11,1,32.0,0,0,56.4958,3
840,1,11,1,0.0,0,0,29.7,1
841,3,11,1,20.0,0,0,7.925,3
842,2,11,1,16.0,0,0,10.5,3
843,1,8,0,30.0,0,0,31.0,1
844,3,11,1,34.5,0,0,6.4375,1
845,3,11,1,17.0,0,0,8.6625,3
846,3,11,1,42.0,0,0,7.55,3
847,3,11,1,0.0,8,2,69.55,3
848,3,11,1,35.0,0,0,7.8958,1
849,2,14,1,28.0,0,1,33.0,3
850,1,12,0,0.0,1,0,89.1042,1
851,3,7,1,4.0,4,2,31.275,3
852,3,11,1,74.0,0,0,7.775,3
853,3,8,0,9.0,1,1,15.2458,1
854,1,8,0,16.0,0,1,39.4,3
855,2,12,0,44.0,1,0,26.0,3
856,3,12,0,18.0,0,1,9.35,3
857,1,12,0,45.0,1,1,164.8667,3
858,1,11,1,51.0,0,0,26.55,3
859,3,12,0,24.0,0,3,19.2583,1
860,3,11,1,0.0,0,0,7.2292,1
861,3,11,1,41.0,2,0,14.1083,3
862,2,11,1,21.0,1,0,11.5,3
863,1,12,0,48.0,0,0,25.9292,3
864,3,8,0,0.0,8,2,69.55,3
865,2,11,1,24.0,0,0,13.0,3
866,2,12,0,42.0,0,0,13.0,3
867,2,8,0,27.0,1,0,13.8583,1
868,1,11,1,31.0,0,0,50.4958,3
869,3,11,1,0.0,0,0,9.5,3
870,3,7,1,4.0,1,1,11.1333,3
871,3,11,1,26.0,0,0,7.8958,3
872,1,12,0,47.0,1,1,52.5542,3
873,1,11,1,33.0,0,0,5.0,3
874,3,11,1,47.0,0,0,9.0,3
875,2,12,0,28.0,1,0,24.0,1
876,3,8,0,15.0,0,0,7.225,1
877,3,11,1,20.0,0,0,9.8458,3
878,3,11,1,19.0,0,0,7.8958,3
879,3,11,1,0.0,0,0,7.8958,3
880,1,12,0,56.0,0,1,83.1583,1
881,2,12,0,25.0,0,1,26.0,3
882,3,11,1,33.0,0,0,7.8958,3
883,3,8,0,22.0,0,0,10.5167,3
884,2,11,1,28.0,0,0,10.5,3
885,3,11,1,25.0,0,0,7.05,3
886,3,12,0,39.0,0,5,29.125,2
887,2,14,1,27.0,0,0,13.0,3
888,1,8,0,19.0,0,0,30.0,3
889,3,8,0,0.0,1,2,23.45,3
890,1,11,1,26.0,0,0,30.0,1
891,3,11,1,32.0,0,0,7.75,2
